[
  { "id": "ribeirao-preto", "name": "Ribeirão Preto" },
  { "id": "cali", "name": "California - USA" },
  { "id": "calabasas", "name": "Calabasas - USA" },
  { "id": "saopaulo", "name": "São Paulo" },
  { "id": "campinas", "name": "Campinas" },
  { "id": "curitiba", "name": "Curitiba" },
  { "id": "poa", "name": "Porto Alegre" },
  { "id": "goiania", "name": "Goiania" },
  { "id": "brasilia", "name": "Brasilia" },
  { "id": "sertaozinho", "name": "Sertãozinho" },
  { "id": "franca", "name": "Franca" },
  { "id": "jaboticabal", "name": "Jaboticabal" },
  { "id": "cravinhos", "name": "Cravinhos" },
  { "id": "batatais", "name": "Batatais" },
  { "id": "jardinopolis", "name": "Jardinópolis" },
  { "id": "serrana", "name": "Serrana" },
  { "id": "brodowski", "name": "Brodowski" },
  { "id": "pontal", "name": "Pontal" },
  { "id": "barrinha", "name": "Barrinha" },
  { "id": "dumont", "name": "Dumont" },
  { "id": "pradopolis", "name": "Pradópolis" },
  { "id": "cajuru", "name": "Cajuru" },
  { "id": "altinopolis", "name": "Altinópolis" },
  { "id": "santo-antonio-da-alegria", "name": "Santo Antônio da Alegria" },
  { "id": "araraquara", "name": "Araraquara" },
  { "id": "sao-carlos", "name": "São Carlos" },
  { "id": "bebedouro", "name": "Bebedouro" },
  { "id": "barretos", "name": "Barretos" }
]
